{
    "articals":[
        {
            "title": "文章标题",
            "img":"https://cdn.pixabay.com/photo/2020/09/15/20/35/hand-5574694__340.jpg",
            "href":"",
            "des":"博客，仅音译，英文名为Blogger，为Web Log的混成词。它的正式名称为网络日记；又音译为部落格或部落阁等，是使用特定的软件，在网络上出版、发表和张贴个人文章的人，或者是一种通常由个人管理、不定期张贴新的文章的网站。",
            "commend": 1,
            "watch":1,
            "evaluate":2,
            "date":"2020-10-4"
        },
        {
            "title": "文章标题",
            "img":"https://cdn.pixabay.com/photo/2020/01/31/07/10/subway-4807266__340.jpg",
            "href":"",
            "des":"博客，仅音译，英文名为Blogger，为Web Log的混成词。它的正式名称为网络日记；又音译为部落格或部落阁等，是使用特定的软件，在网络上出版、发表和张贴个人文章的人，或者是一种通常由个人管理、不定期张贴新的文章的网站。",
            "commend": 0,
            "watch":1,
            "evaluate":0,
            "date":"2020-10-4"
        },
        {
            "title": "文章标题",
            "img":"",
            "href":"",
            "des":"博客，仅音译，英文名网站。",
            "commend": 0,
            "watch":1,
            "evaluate":0,
            "date":"2020-10-4"
        },
        {
            "title": "文章标题",
            "img":"",
            "href":"",
            "des":"博客，仅音译，英文名为Blogger，为Web Log的混成词。它的正式名称为网络日记；又音译为部落格或部落阁等，是使用特定的软件，在网络上出版、发表和张贴个人文章的人，或者是一种通常由个人管理、不定期张贴新的文章的网站。",
            "commend": 0,
            "watch":0,
            "evaluate":0,
            "date":"2020-10-4"
        },
        {
            "title": "文章标题",
            "img":"",
            "href":"",
            "des":"博客，仅音译，英文名为Blogger，为Web Log的混成词。它的正式名称为网络日记；又音译为部落格或部落阁等，是使用特定的软件，在网络上出版、发表和张贴个人文章的人，或者是一种通常由个人管理、不定期张贴新的文章的网站。",
            "commend": 0,
            "watch":0,
            "evaluate":0,
            "date":"2020-10-4"
        },
        {
            "title": "文章标题",
            "img":"",
            "href":"",
            "des":"博客，仅音译，英文名为Blogger，为Web Log的混成词。它的正式名称为网络日记；又音译为部落格或部落阁等，是使用特定的软件，在网络上出版、发表和张贴个人文章的人，或者是一种通常由个人管理、不定期张贴新的文章的网站。",
            "commend": 0,
            "watch":0,
            "evaluate":0,
            "date":"2020-10-4"
        }
    ]
}