[
    {
        "title":"第一个消息123",
        "url":"img/1.jpg",
        "des":"博客，仅音译，英文名为Blogger，为Web Log的混成词。它的正式名称为网络日记；又音译为部落格或部落阁等，是使用特定的软件，在网络上出版、发表和张贴个人文章的人，或者是一种通常由个人管理、不定期张贴新的文章的网站。",
        "href":""
    },
    {
        "title":"第二个消息123",
        "url":"img/2.jpg",
        "des":"博客，仅音译，英文名为Blogger，为Web Log的混成词。它的正式名称为网络日记；又音译为部落格或部落阁等，是使用特定的软件，在网络上出版、发表和张贴个人文章的人，或者是一种通常由个人管理、不定期张贴新的文章的网站。",
        "href":""
    },
    {
        "title":"第三个消息123",
        "url":"img/3.jpg",
        "des":"博客，仅音译，英文名为Blogger，为Web Log的混成词。它的正式名称为网络日记；又音译为部落格或部落阁等，是使用特定的软件，在网络上出版、发表和张贴个人文章的人，或者是一种通常由个人管理、不定期张贴新的文章的网站。",
        "href":""
    }
]